{
  "center_lat": 40.72708529411764,
  "center_lon": -73.92932112156862
}